submission_title,author,id,url,created_utc,body,type,score
Thursday Oct 10 at 11 am Queen’ Park drawings again ,charliewithanh,1g0mwx5,https://www.reddit.com/gallery/1g0mwx5,1728577871.0,"Weather’s colder, so more layers and more fabrics. I sat behind the horse’s ass, and it was so cold ",submission,367
Thursday Oct 10 at 11 am Queen’ Park drawings again ,CartographerFar2295,lra9bsa,https://www.reddit.com/r/UofT/comments/1g0mwx5/thursday_oct_10_at_11_am_queen_park_drawings_again/lra9bsa/,1728582487.0,This is pretty,comment,14
Thursday Oct 10 at 11 am Queen’ Park drawings again ,Impressive-Youth6573,lras70q,https://www.reddit.com/r/UofT/comments/1g0mwx5/thursday_oct_10_at_11_am_queen_park_drawings_again/lras70q/,1728588570.0,nice. how do you draw people you only see walking for a few moments? Is it mostly from memory?,comment,11
Thursday Oct 10 at 11 am Queen’ Park drawings again ,elynx_,lrbz6gs,https://www.reddit.com/r/UofT/comments/1g0mwx5/thursday_oct_10_at_11_am_queen_park_drawings_again/lrbz6gs/,1728603368.0,woah this is sick!!,comment,4
Thursday Oct 10 at 11 am Queen’ Park drawings again ,ChaoticSoph,lrcj1nm,https://www.reddit.com/r/UofT/comments/1g0mwx5/thursday_oct_10_at_11_am_queen_park_drawings_again/lrcj1nm/,1728610837.0,"Cool I totally won’t be walking by Queen’s Park tmrw so I can hopefully get drawn by you 😃

(Jokes aside this is so cute omg)",comment,4
Thursday Oct 10 at 11 am Queen’ Park drawings again ,Not_Carbuncle,lrcwaaq,https://www.reddit.com/r/UofT/comments/1g0mwx5/thursday_oct_10_at_11_am_queen_park_drawings_again/lrcwaaq/,1728616035.0,Ill def be passing by soon,comment,3
Thursday Oct 10 at 11 am Queen’ Park drawings again ,chirpythecentipede,lrcel0c,https://www.reddit.com/r/UofT/comments/1g0mwx5/thursday_oct_10_at_11_am_queen_park_drawings_again/lrcel0c/,1728609133.0,this is so awesome,comment,2
Thursday Oct 10 at 11 am Queen’ Park drawings again ,deleted,lrda2ez,https://www.reddit.com/r/UofT/comments/1g0mwx5/thursday_oct_10_at_11_am_queen_park_drawings_again/lrda2ez/,1728622747.0,[deleted],comment,1
Thursday Oct 10 at 11 am Queen’ Park drawings again ,Ambitious-Cook-2406,lrdgruy,https://www.reddit.com/r/UofT/comments/1g0mwx5/thursday_oct_10_at_11_am_queen_park_drawings_again/lrdgruy/,1728626681.0,Is this for utm,comment,1
Thursday Oct 10 at 11 am Queen’ Park drawings again ,charliewithanh,lrcwnwz,https://www.reddit.com/r/UofT/comments/1g0mwx5/thursday_oct_10_at_11_am_queen_park_drawings_again/lrcwnwz/,1728616198.0,Tank u 🫶,comment,3
Thursday Oct 10 at 11 am Queenâ€™ Park drawings again ,charliewithanh,lrasp23,https://www.reddit.com/r/UofT/comments/1g0mwx5/thursday_oct_10_at_11_am_queen_park_drawings_again/lrasp23/,1728588731.0,"Yep. Iâ€™ve drawn enough clothing to sort of remember what they are. Like â€œadidas windbreakerâ€, or â€œNike joggersâ€ stuff like that. Iâ€™d usually focus on the unusual parts, like if theyâ€™re wearing lanyards or chains or certain decors on their bags, etc. The more complicated the better",comment,11
Thursday Oct 10 at 11 am Queen’ Park drawings again ,charliewithanh,lrcwmps,https://www.reddit.com/r/UofT/comments/1g0mwx5/thursday_oct_10_at_11_am_queen_park_drawings_again/lrcwmps/,1728616183.0,Thanks!!!!! 🫰🫰,comment,2
Thursday Oct 10 at 11 am Queen’ Park drawings again ,charliewithanh,lrcjhpz,https://www.reddit.com/r/UofT/comments/1g0mwx5/thursday_oct_10_at_11_am_queen_park_drawings_again/lrcjhpz/,1728611009.0,Awhh hahahaha thanks!!! I’m planning to move indoors cuz this weather is insane.,comment,2
Thursday Oct 10 at 11 am Queen’ Park drawings again ,charliewithanh,lrcwkif,https://www.reddit.com/r/UofT/comments/1g0mwx5/thursday_oct_10_at_11_am_queen_park_drawings_again/lrcwkif/,1728616157.0,I love sitting at queens park. If it weren’t for this damn weather 😔 and my freezing fingers. Had to hide in innis afterwards,comment,1
Thursday Oct 10 at 11 am Queen’ Park drawings again ,charliewithanh,lrcg4xs,https://www.reddit.com/r/UofT/comments/1g0mwx5/thursday_oct_10_at_11_am_queen_park_drawings_again/lrcg4xs/,1728609723.0,THANK UU!!,comment,2
Thursday Oct 10 at 11 am Queen’ Park drawings again ,charliewithanh,lrdaabb,https://www.reddit.com/r/UofT/comments/1g0mwx5/thursday_oct_10_at_11_am_queen_park_drawings_again/lrdaabb/,1728622870.0,Procreate,comment,1
Thursday Oct 10 at 11 am Queen’ Park drawings again ,charliewithanh,lrfm8fr,https://www.reddit.com/r/UofT/comments/1g0mwx5/thursday_oct_10_at_11_am_queen_park_drawings_again/lrfm8fr/,1728664041.0,Wdym,comment,1
Thursday Oct 10 at 11 am Queen’ Park drawings again ,Not_Carbuncle,lrcwocs,https://www.reddit.com/r/UofT/comments/1g0mwx5/thursday_oct_10_at_11_am_queen_park_drawings_again/lrcwocs/,1728616204.0,Im going to find you and pace in front of you without making eye contact until you draw me /j,comment,1
Thursday Oct 10 at 11 am Queen’ Park drawings again ,teengirlhelley,lrcyqb7,https://www.reddit.com/r/UofT/comments/1g0mwx5/thursday_oct_10_at_11_am_queen_park_drawings_again/lrcyqb7/,1728617084.0,Wear mittens,comment,1
Thursday Oct 10 at 11 am Queen’ Park drawings again ,Ambitious-Cook-2406,lrhnf9g,https://www.reddit.com/r/UofT/comments/1g0mwx5/thursday_oct_10_at_11_am_queen_park_drawings_again/lrhnf9g/,1728689339.0,Never mind one of the persons looked like my friend who goes to utm even though this is for uoft,comment,1
Thursday Oct 10 at 11 am Queen’ Park drawings again ,charliewithanh,lrcwx30,https://www.reddit.com/r/UofT/comments/1g0mwx5/thursday_oct_10_at_11_am_queen_park_drawings_again/lrcwx30/,1728616309.0,Amazing! I have faded green hair. Just pace behind the horse’s ass😭 I love watching the taichi people. I shall be expecting your visits soon. Show up with peanut butter cookies thank you /hj,comment,1
Thursday Oct 10 at 11 am Queen’ Park drawings again ,charliewithanh,lrcywn1,https://www.reddit.com/r/UofT/comments/1g0mwx5/thursday_oct_10_at_11_am_queen_park_drawings_again/lrcywn1/,1728617161.0,"Then I wouldn’t be able to feel the sublime texture of my Apple Pencil. There will always be this fabric denying us the physical proximity we need. Denying our love, our freedom.",comment,3
Thursday Oct 10 at 11 am Queen’ Park drawings again ,Not_Carbuncle,lrcx2io,https://www.reddit.com/r/UofT/comments/1g0mwx5/thursday_oct_10_at_11_am_queen_park_drawings_again/lrcx2io/,1728616374.0,Shit you gonna be there at 11?,comment,1
Thursday Oct 10 at 11 am Queen’ Park drawings again ,charliewithanh,lrcx6mv,https://www.reddit.com/r/UofT/comments/1g0mwx5/thursday_oct_10_at_11_am_queen_park_drawings_again/lrcx6mv/,1728616423.0,Sure. Why not. Thanks for giving me a reason to get up in the morning. I don’t have classes on Fridays,comment,1
Thursday Oct 10 at 11 am Queen’ Park drawings again ,Not_Carbuncle,lrcx90c,https://www.reddit.com/r/UofT/comments/1g0mwx5/thursday_oct_10_at_11_am_queen_park_drawings_again/lrcx90c/,1728616452.0,Eh dont count on it im very flakey,comment,1
Thursday Oct 10 at 11 am Queen’ Park drawings again ,charliewithanh,lrcxbw2,https://www.reddit.com/r/UofT/comments/1g0mwx5/thursday_oct_10_at_11_am_queen_park_drawings_again/lrcxbw2/,1728616487.0,Nah. Ill just draw other ppl then,comment,1
Thursday Oct 10 at 11 am Queen’ Park drawings again ,Not_Carbuncle,lrcxel0,https://www.reddit.com/r/UofT/comments/1g0mwx5/thursday_oct_10_at_11_am_queen_park_drawings_again/lrcxel0/,1728616519.0,"Oh if ur gonna be there anyway thats fine, i meant dont wake yourself up just for me lol",comment,1
Thursday Oct 10 at 11 am Queen’ Park drawings again ,charliewithanh,lrcxht4,https://www.reddit.com/r/UofT/comments/1g0mwx5/thursday_oct_10_at_11_am_queen_park_drawings_again/lrcxht4/,1728616559.0,That’s sweet. I’ll survey the weather tmrw and see,comment,1
